ID,FIRST_NAME,LAST_NAME,EMAIL,COMPANY_NAME/JOB_TITLE/ADDRESS_STREET/ADDRESS_NO/ADDRESS_DOOR_NO/ADDRESS_FLOOR_NO/ADDRESS_CITY/ADDRESS_COUNTRY,COUNTRY_CODE/PHONE_NUMBER,GROUP,ADDRESS_STREET/ADDRESS_NO/ADDRESS_DOOR_NO/ADDRESS_FLOOR_NO/ADDRESS_CITY/ADDRESS_COUNTRY/BIRTHDATE
131,Abby,Hauck,samella.grant@gmail.com,Pollich and Sons/Forward Government Specialist/Danille Mall/203/2/2/Bennettville/Tanzania United Republic of,+44/07801 959467,MY CONTACTS,Kreiger Crescent/765/1/5/West Donny/Serbia,2020-09-14
109,Albertine,Skiles,nicholas.kemmer@yahoo.com,Feest and Sons/International Consulting Representative/Rippin Station/6/2/2/Faheyville/Czechia,+44/07611 230857,MY CONTACTS,Elvina Shoal/563/6/6/Cristinemouth/Dominican Republic,2020-09-14
163,Alejandro,Mante,beatrice.watsica@hotmail.com,Feeney-Borer/Internal Real-Estate Orchestrator/Gale Ville/129/0/4/Hegmanntown/Singapore,+44/07700 361935,MY CONTACTS,Edie Mount/133/0/1/Florenciaborough/Luxembourg,2020-09-14
101,Alex,Zaharioiu,alexzaharioiu7@gmail.com, / / / /0/0/ / ,+40/0747321257,FAMILY, / /0/0/ / ,2020-09-14
148,Allison,Halvorson,mathew.lockman@gmail.com,Donnelly Rice and Morar/Manufacturing Associate/Cormier Junction/537/7/0/West Karmen/Pakistan,+44/07895 395266,MY CONTACTS,Rubie Drive/637/6/3/Port Jordan/Egypt,2020-09-14
167,Angelo,MacGyver,gita.berge@yahoo.com,McLaughlin Goldner and Stamm/Forward Community-Services Architect/Gerlach Skyway/550/5/2/Anhhaven/Morocco,+44/07886 595047,MY CONTACTS,Paucek Groves/744/2/5/Hoppechester/Ireland,2020-09-14
145,Anthony,Gorczany,madie.hermann@yahoo.com,Aufderhar Group/Investor Hospitality Executive/Gleichner Ramp/200/4/3/South Zina/Lao People's Democratic Republic,+44/07476 387875,MY CONTACTS,Jacobs Vista/586/4/3/Lake Arie/Kazakhstan,2020-09-14
198,Antonetta,Roberts,marlin.howell@gmail.com,Mills-Weissnat/Internal Legal Technician/Bruen Meadow/467/4/3/West Zelmaton/Indonesia,+44/07667 243337,MY CONTACTS,Farah Fork/509/3/1/North Donnie/Djibouti,2020-09-14
135,Ardis,Swaniawski,carmelo.gerhold@yahoo.com,McGlynn Sauer and Wehner/Product Analyst/Zieme Key/914/0/1/New Branden/Jordan,+44/07521 290041,MY CONTACTS,Bayer Forge/416/0/3/Harriettfurt/Botswana,2020-09-14
150,Barney,Upton,ronny.lubowitz@gmail.com,Gottlieb-Feeney/Education Engineer/Howell Stravenue/442/9/2/Lake Ofelia/Libya,+44/07413 403775,MY CONTACTS,Marco Course/88/8/4/North Yongport/Uzbekistan,2020-09-14
178,Bennie,Frami,jc.romaguera@yahoo.com,Wehner-Reinger/National Healthcare Representative/Deidra Road/286/4/2/Schinnershire/Dominica,+44/07532 907550,MY CONTACTS,Kulas Lights/477/8/4/Port Ramiro/United Kingdom of Great Britain and Northern Ireland,2020-09-14
148,Booker,Padberg,quentin.strosin@hotmail.com,Orn-Fay/Legacy Sales Administrator/Kuhic Flat/819/4/4/North Odiliabury/Egypt,+44/07642 634242,MY CONTACTS,Gerlach Green/149/6/1/O'Reillyfurt/Singapore,2020-09-14
174,Brendon,Conroy,yahaira.senger@yahoo.com,Lockman Schuppe and Cremin/Senior Marketing Consultant/Dach Shore/269/5/4/Port Winfredtown/Yemen,+44/07457 110471,MY CONTACTS,Loris Extension/745/6/6/North Timothyborough/Papua New Guinea,2020-09-14
161,Bruna,White,trudie.cremin@hotmail.com,Harris Turcotte and Keeling/Product Farming Specialist/Keeling Walks/465/1/0/Lehnerburgh/Tunisia,+44/07848 485795,MY CONTACTS,Lowe Cliffs/423/0/3/Burlfurt/Liberia,2020-09-14
122,Camie,Ullrich,angella.heaney@gmail.com,Hilll-Krajcik/Retail Technician/Lebsack Point/797/8/5/West Agustin/Mauritius,+44/07682 292900,MY CONTACTS,Bauch Skyway/138/1/0/East Louisfort/Senegal,2020-09-14
189,Carlee,Ledner,delia.rau@gmail.com,Mayert Purdy and Flatley/Lead Administrator/Felicitas Lodge/918/5/6/Skilesport/Jamaica,+44/07729 697751,MY CONTACTS,Murazik Estates/501/1/1/North Elsy/Serbia,2020-09-14
119,Carlo,Stroman,paul.feest@yahoo.com,Bartoletti LLC/Government Facilitator/Boyle Run/339/6/2/Champlinburgh/Switzerland,+44/07872 032724,MY CONTACTS,Emeline Court/86/0/5/Maryberg/Burkina Faso,2020-09-14
133,Caron,Braun,perry.hamill@gmail.com,Predovic-Grady/Customer Consulting Producer/Estrella Walks/151/7/0/West Kamilah/Croatia,+44/07751 421743,MY CONTACTS,Nitzsche Plaza/852/7/0/New Hank/Dominican Republic,2020-09-14
116,Charlette,Spinka,fawn.collins@gmail.com,Boyle-Prosacco/Real-Estate Designer/Hodkiewicz Overpass/133/0/5/West Kellytown/Netherlands,+44/07668 191310,MY CONTACTS,Julian Harbor/105/0/2/Londaborough/San Marino,2020-09-14
101,Chelsie,Volkman,wilford.cole@gmail.com,D'Amore Inc/Senior Planner/Isreal Canyon/714/6/5/Wolfside/Kyrgyzstan,+44/07482 953439,MY CONTACTS,Noelia Vista/539/8/3/West Duanehaven/Marshall Islands,2020-09-14
127,China,Ferry,noble.auer@gmail.com,Rowe Conn and Hickle/Investor Legal Assistant/Fausto Coves/208/5/1/Hansenchester/Nicaragua,+44/07400 326969,MY CONTACTS,Mariam Valleys/797/7/1/Lake Gillian/Netherlands,2020-09-14
158,Christian,Stiedemann,winter.kozey@yahoo.com,Schmeler and Sons/Senior Consultant/Schmitt Cape/169/3/2/Jeannaton/Rwanda,+44/07584 424914,MY CONTACTS,Derrick Fork/630/7/5/Royberg/Bahrain,2020-09-14
107,Cleopatra,Krajcik,linette.terry@yahoo.com,Hintz and Sons/Internal Hospitality Liaison/Dickinson Viaduct/986/1/2/West Guillermoside/Somalia,+44/07649 512669,MY CONTACTS,Terrance Shore/275/3/1/Shilohmouth/Papua New Guinea,2020-09-14
127,Conception,McCullough,franklin.bode@gmail.com,Sanford Inc/Global Consultant/Kozey Lake/252/0/1/North Patrickbury/Russian Federation,+44/07617 958114,MY CONTACTS,Michelina Ferry/319/3/5/West Kirsten/Mauritania,2020-09-14
189,Cristin,O'Reilly,dexter.bahringer@yahoo.com,Emard-Hartmann/Customer Agent/Walter Row/750/2/0/North Stanfordhaven/Belize,+44/07799 128410,MY CONTACTS,Raphael Rue/254/5/5/Mozellhaven/Dominican Republic,2020-09-14
107,Dexter,Thiel,hans.swift@gmail.com,Sporer Tromp and Ferry/Forward IT Consultant/Dickinson Station/587/8/6/West Pam/Senegal,+44/07948 831840,MY CONTACTS,Korey Prairie/180/3/1/North Bo/Oman,2020-09-14
102,Don,Batz,dimple.collins@gmail.com,Torphy Inc/Direct Sales Developer/Denesik Light/456/2/4/Breitenberghaven/Turkmenistan,+44/07401 055463,MY CONTACTS,Chia Branch/170/0/0/West Ignacio/United Arab Emirates,2020-09-14
156,Donn,Marquardt,arie.gutkowski@hotmail.com,O'Reilly Mills and Kassulke/Senior Real-Estate Facilitator/Genevive Canyon/859/0/3/Jaeside/Libya,+44/07834 971167,MY CONTACTS,Aliza Mission/797/7/2/Quigleychester/Albania,2020-09-14
145,Duncan,Daugherty,barry.nicolas@hotmail.com,Tromp Hirthe and McGlynn/Hospitality Developer/Jakubowski Turnpike/273/9/6/East Myles/Thailand,+44/07972 558466,MY CONTACTS,Erma Loaf/420/1/2/Lake Joesph/Tonga,2020-09-14
150,Edmundo,Pfeffer,angele.batz@gmail.com,Russel Roberts and Kessler/Corporate Marketing Officer/Feeney Isle/676/1/5/New Tawannabury/Nepal,+44/07829 840651,MY CONTACTS,Jerde Corner/287/3/4/West Kristopherfurt/Malta,2020-09-14
125,Elease,Collier,raymon.steuber@hotmail.com,Erdman Group/Sales Producer/Leta Tunnel/910/6/2/South Gordon/Morocco,+44/07805 630494,MY CONTACTS,Rashad Ferry/127/5/5/South Josephtown/Monaco,2020-09-14
147,Elisha,Breitenberg,cruz.schoen@gmail.com,Keeling Group/Direct Manufacturing Engineer/Sasha Crossroad/410/2/5/Kimimouth/Belize,+44/07581 038909,MY CONTACTS,Rolando Street/959/5/4/Marcelofort/Kiribati,2020-09-14
133,Emilio,Medhurst,maxine.batz@hotmail.com,Beer Zulauf and Bruen/Regional Developer/Torphy Circles/523/4/0/Swaniawskimouth/Korea (Democratic People's Republic of),+44/07730 780236,MY CONTACTS,Hamill Ridges/171/7/4/Ericside/South Sudan,2020-09-14
153,Fernando,Wehner,audry.dooley@yahoo.com,Hermiston Ryan and Witting/Future Accounting Architect/Monnie Villages/421/1/0/South Maynardville/Cabo Verde,+44/07570 014796,MY CONTACTS,Hauck Crescent/15/2/5/Nguyetport/Niger,2020-09-14
146,Geneva,Schumm,theo.jacobson@yahoo.com,Hagenes Group/Customer Administration Producer/Parisian Ridges/995/6/2/Lake Orval/Kiribati,+44/07886 428355,MY CONTACTS,Cliff Fords/955/3/5/Port Tychester/Lithuania,2020-09-14
191,Gertrude,Stark,bong.kuhlman@yahoo.com,Purdy-Gulgowski/Legacy Retail Coordinator/Shields Plains/149/7/0/South Deangelofurt/United Arab Emirates,+44/07686 407921,MY CONTACTS,Schuster Mountains/479/1/0/North Teofila/Russian Federation,2020-09-14
147,Gladis,Corwin,dale.mante@hotmail.com,Dickinson-Stoltenberg/Hospitality Technician/Robyn Spring/713/0/3/Langview/Uruguay,+44/07635 285832,MY CONTACTS,Abel Mountains/539/5/1/East Graigchester/Barbados,2020-09-14
131,Hector,Weimann,freeman.bode@hotmail.com,Konopelski-Ferry/Technology Associate/Yundt Village/790/7/6/East Long/China,+44/07551 521780,MY CONTACTS,Crona Knoll/535/6/1/Hamillmouth/Liberia,2020-09-14
168,Hilton,Donnelly,lucas.waelchi@gmail.com,Kilback Inc/Real-Estate Supervisor/Dani Station/337/2/3/Reingerstad/Uganda,+44/07655 228155,MY CONTACTS,Becker Forges/868/6/1/Mauriceburgh/Moldova Republic of,2020-09-14
112,Holli,Kihn,jorge.tromp@gmail.com,Stamm-Cartwright/Forward Orchestrator/Kiesha Knolls/545/4/5/Jaskolskimouth/Saint Lucia,+44/07428 179031,MY CONTACTS,Mack Mountain/883/0/2/Port Lorenzo/Burundi,2020-09-14
192,Isadora,Shields,bert.green@gmail.com,Wilderman LLC/Chief Administration Developer/Darren Streets/611/3/4/Port Ayakostad/Syrian Arab Republic,+44/07737 404029,MY CONTACTS,Marks Pike/774/4/5/Arlethafort/Algeria,2020-09-14
158,Jada,Schoen,nevada.hand@gmail.com,Goodwin-Bergnaum/Real-Estate Administrator/Mercy Vista/750/1/4/South Benniestad/Cabo Verde,+44/07917 862347,MY CONTACTS,Lemke Via/16/1/1/Mullerbury/Costa Rica,2020-09-14
149,Janeen,Dibbert,lakiesha.hudson@hotmail.com,Klein-Barton/National Farming Engineer/Ullrich Place/762/7/1/Port Odisside/Switzerland,+44/07722 015996,MY CONTACTS,Ronny Flats/151/3/1/Jacindashire/Egypt,2020-09-14
175,Jay,Pollich,florinda.murphy@hotmail.com,Hegmann Group/Investor Healthcare Manager/Haley Trail/665/1/1/New Wesbury/Ghana,+44/07594 782689,MY CONTACTS,Rana Tunnel/17/9/2/Mauritaton/Panama,2020-09-14
115,Jena,Lemke,wesley.marks@gmail.com,Considine-Schmidt/International Developer/Ron Landing/668/6/0/Port Deadra/Dominica,+44/07838 421925,MY CONTACTS,Russel Burgs/488/5/5/Kutchhaven/Lesotho,2020-09-14
102,Jeri,Armstrong,brad.jacobi@yahoo.com,Von-Hyatt/Banking Orchestrator/Allyson Forks/872/0/3/Lake Katharina/Cyprus,+44/07755 517148,MY CONTACTS,Lucio Flat/795/5/5/Mayerport/Saudi Arabia,2020-09-14
110,Jesusa,Johnson,olevia.block@gmail.com,Predovic Farrell and Zulauf/Human Director/Hahn View/58/5/5/Raymondeborough/Kenya,+44/07503 754766,MY CONTACTS,Ebert Hills/819/4/2/North Cathy/Namibia,2020-09-14
188,Jody,Hegmann,samantha.wisozk@gmail.com,Weber Kessler and Rempel/Banking Developer/Schuppe Canyon/16/3/3/South Chiekobury/Equatorial Guinea,+44/07850 511345,MY CONTACTS,Okuneva Cove/749/1/3/New Damionfort/Burkina Faso,2020-09-14
101,John,Bogisich,vilma.littel@yahoo.com,Marquardt Trantow and Crona/Farming Developer/Vincenzo Harbors/479/4/0/Sanfordside/Finland,+44/07584 355227,MY CONTACTS,Stroman Mountains/442/3/2/Millardmouth/Panama,2020-09-14
100,Jordan,Volkman,gabriel.homenick@hotmail.com,Schuster LLC/Legacy Coordinator/Val Islands/674/4/2/East Mara/Gabon,+44/07458 652651,MY CONTACTS,McGlynn Keys/661/7/5/Lorainebury/Burundi,2020-09-14
134,Kelvin,Okuneva,mark.gaylord@yahoo.com,Toy Moen and Rice/Marketing Analyst/Ariana Roads/718/4/3/Geoffreyview/South Sudan,+44/07799 047896,MY CONTACTS,Lacie View/909/3/3/South Millieberg/Slovakia,2020-09-14
128,Kendall,Schuppe,garth.kuphal@yahoo.com,Hudson-Weissnat/Administration Technician/Whitney Island/726/1/4/Hermannshire/Tunisia,+44/07543 541505,MY CONTACTS,Koss Rapids/632/0/3/Lake Cortney/Sweden,2020-09-14
169,Kesha,Walker,fabian.ullrich@hotmail.com,Kozey-Nitzsche/Advertising Engineer/Gus Via/841/2/3/East Wendolyn/Liechtenstein,+44/07996 210307,MY CONTACTS,Torp Walks/405/1/5/East Phil/Angola,2020-09-14
171,Kevin,Boyle,madie.purdy@yahoo.com,Tremblay-Hyatt/Marketing Manager/Leda Street/439/0/1/Lake Cherylechester/Haiti,+44/07658 515383,MY CONTACTS,Kihn Unions/270/5/3/North Larue/Uruguay,2020-09-14
195,Kristian,Miller,jeannie.hessel@yahoo.com,Toy Inc/Direct Manufacturing Agent/Adell Route/90/7/2/South Tabithafurt/Zimbabwe,+44/07425 858996,MY CONTACTS,Pfeffer Springs/603/6/0/Feliciahaven/Andorra,2020-09-14
155,Lanny,Marquardt,monica.dibbert@yahoo.com,Blick-Koelpin/Legacy Marketing Assistant/Ciera Trace/549/3/3/Zulaufberg/Germany,+44/07438 117782,MY CONTACTS,Elden Plaza/766/3/0/Lake Janelton/Gabon,2020-09-14
177,Lashon,Tillman,luther.mcdermott@yahoo.com,Russel-Wunsch/Banking Representative/Shela Drive/573/0/4/Allisonland/United Arab Emirates,+44/07855 625525,MY CONTACTS,Magaly Overpass/114/0/2/East Rasheeda/Equatorial Guinea,2020-09-14
171,Leatha,Brekke,maria.tillman@yahoo.com,Brekke-Mann/Marketing Representative/McLaughlin Canyon/178/8/4/East Elroyport/Djibouti,+44/07963 630023,MY CONTACTS,Kassulke Lock/419/6/1/Lake Lester/Central African Republic,2020-09-14
139,Ling,Bogan,gaston.cummings@gmail.com,Schulist Bogan and Cummerata/Hospitality Administrator/Kunde Burg/386/3/5/Hermanberg/Haiti,+44/07728 312908,MY CONTACTS,Tom Rest/665/0/1/Lake Boris/Malaysia,2020-09-14
128,Lue,Goldner,pennie.schowalter@yahoo.com,Kessler Gleason and Harber/Government Architect/Ratke Turnpike/116/3/5/West Delmar/Saudi Arabia,+44/07720 504803,MY CONTACTS,Omar Hills/685/6/5/New Calebville/Italy,2020-09-14
167,Lyda,Towne,clyde.lindgren@yahoo.com,Bernier Inc/Lead Manufacturing Representative/Renee Streets/958/1/3/West Luigiburgh/Sweden,+44/07600 220146,MY CONTACTS,Rozella Pines/777/1/3/Marcellaland/United Arab Emirates,2020-09-14
150,Malcolm,Kuphal,roxie.haag@yahoo.com,Harris Group/Government Technician/Dane Tunnel/976/2/3/Port Melvachester/Brazil,+44/07754 650118,MY CONTACTS,Marybelle River/4/7/3/East Edgardo/Iceland,2020-09-14
161,Manual,Klein,remedios.bogan@yahoo.com,Sanford Fadel and Harvey/Senior Consulting Facilitator/Noma Garden/431/6/4/Lupitachester/South Sudan,+44/07655 225451,MY CONTACTS,Luella Place/561/1/6/Zemlakburgh/Tanzania United Republic of,2020-09-14
135,Margeret,Heidenreich,carman.green@yahoo.com,Okuneva-Hyatt/International Accounting Administrator/Marianne Forest/579/4/5/Lake Wendellview/Monaco,+44/07452 895023,MY CONTACTS,Runte Shores/402/7/4/Lake Maricelaberg/Armenia,2020-09-14
188,Marielle,Becker,dorie.lowe@gmail.com,Herman LLC/Farming Technician/Miss Shores/534/5/0/West Abdul/Vanuatu,+44/07813 089543,MY CONTACTS,Rippin Turnpike/363/6/1/Macejkovicland/South Sudan,2020-09-14
168,Marty,Kozey,darwin.lindgren@hotmail.com,Towne-Hermiston/Direct Advertising Director/Temeka Harbors/373/1/1/Mellisaberg/Uganda,+44/07480 996375,MY CONTACTS,Son Lakes/621/8/0/Kossville/Malaysia,2020-09-14
170,Maude,Krajcik,chester.nienow@gmail.com,Mann Bechtelar and Senger/Farming Director/Paucek Road/662/0/1/South Amadoside/Albania,+44/07485 308515,MY CONTACTS,Jamison Row/821/2/2/Streichborough/Bulgaria,2020-09-14
178,Mickey,Hartmann,guillermo.tromp@yahoo.com,Waelchi Roob and Langosh/Mining Technician/Lino Village/488/5/3/South Casandra/Dominica,+44/07929 070528,MY CONTACTS,Turner Mill/298/5/2/New Angelland/Iran Islamic Republic of,2020-09-14
99,Misty,Lowe,coral.zieme@yahoo.com,Mayert Group/Lead Construction Analyst/Graham Motorway/985/7/1/East Carline/France,+44/07529 828449,MY CONTACTS,Wehner Stream/393/5/1/Lake Casey/Malta,2020-09-14
113,Morgan,Rodriguez,edwardo.dubuque@gmail.com,Ryan and Sons/National Consulting Developer/Powlowski Falls/44/5/4/Port Dominique/Eritrea,+44/07735 487769,MY CONTACTS,Mariko Courts/57/3/1/Rennertown/Sri Lanka,2020-09-14
174,Naida,Langworth,eugene.haag@gmail.com,Carroll Group/Chief Retail Assistant/Barbara Mountain/277/5/1/Franklynborough/Turkmenistan,+44/07977 570776,MY CONTACTS,Gino Orchard/130/0/2/East Corey/Estonia,2020-09-14
164,Natasha,Lakin,larhonda.wisoky@hotmail.com,Johnston Little and Grady/Human Real-Estate Developer/Carole Cliff/351/3/2/Lorettaborough/Poland,+44/07501 238941,MY CONTACTS,Denae Forges/148/6/1/North Georgine/Jamaica,2020-09-14
109,Nathanael,Hickle,darwin.klein@yahoo.com,Bogan LLC/Future Sales Technician/Cathleen Dam/149/0/3/East Aron/Venezuela (Bolivarian Republic of),+44/07491 908737,MY CONTACTS,Mosciski Prairie/449/9/5/Allenbury/Jordan,2020-09-14
130,Nelly,Schinner,yasmine.schowalter@gmail.com,Block and Sons/Investor Manufacturing Director/Goldner Park/573/1/1/Phylissstad/Viet Nam,+44/07409 849039,MY CONTACTS,Jame Islands/150/5/5/South Cyndi/Nigeria,2020-09-14
163,Ocie,Denesik,alex.crooks@gmail.com,Howe Ryan and Gulgowski/Marketing Assistant/Shawn Key/487/8/5/West Justinborough/Italy,+44/07891 461616,MY CONTACTS,Filiberto Shores/64/6/2/Priceville/Djibouti,2020-09-14
175,Paola,Mante,james.kub@yahoo.com,Adams Group/Legal Officer/Lynwood Curve/389/7/3/Schummfort/Dominica,+44/07556 600203,MY CONTACTS,Crona Square/300/5/0/Skilesbury/Tunisia,2020-09-14
162,Precious,Bednar,nubia.denesik@yahoo.com,Johns-Feil/Human Planner/Sipes Shoals/56/3/0/Port Freddieborough/Nicaragua,+44/07512 872536,MY CONTACTS,Dooley Ranch/798/5/0/North Leannshire/Congo Democratic Republic of the,2020-09-14
175,Quinton,Upton,janna.friesen@yahoo.com,Crona-Sipes/Investor Mining Supervisor/Jaimie Turnpike/799/8/0/Machelleburgh/Serbia,+44/07757 102266,MY CONTACTS,McLaughlin Square/730/2/3/Marylandhaven/Guatemala,2020-09-14
191,Raymond,Mills,samira.brakus@gmail.com,Stokes Inc/Retail Developer/Carroll Turnpike/137/4/4/West Markettaview/Peru,+44/07847 062427,MY CONTACTS,Padberg Forks/314/4/3/South Zolashire/Russian Federation,2020-09-14
134,Reda,Hessel,paula.okuneva@gmail.com,Parisian-Bogan/Administration Representative/Scott Point/365/2/5/New Donna/Iran (Islamic Republic of),+44/07553 112925,MY CONTACTS,Sang Park/347/6/5/Kutchshire/Cambodia,2020-09-14
171,Reyes,Fisher,valentine.hilll@gmail.com,Koepp-Quigley/Human Designer/Daryl Shores/448/1/4/Chadwickton/El Salvador,+44/07687 390950,MY CONTACTS,Stewart Greens/90/8/5/Eugenieborough/Kuwait,2020-09-14
168,Robin,Morissette,willia.smitham@yahoo.com,D'Amore Heathcote and Walter/Investor Analyst/Pouros Path/267/6/1/Lenafurt/Brazil,+44/07604 290921,MY CONTACTS,Padberg Center/110/1/5/North Zulmaside/Mauritania,2020-09-14
132,Roosevelt,Grimes,wilfredo.tromp@yahoo.com,Volkman Inc/Direct Representative/Schuster Forge/195/6/3/Lednerburgh/Bulgaria,+44/07959 413370,MY CONTACTS,Evangelina Turnpike/231/7/1/Rosendafurt/Maldives,2020-09-14
101,Rosalia,O'Kon,louella.wiza@gmail.com,Boyle-Ritchie/Forward Executive/Buckridge Ford/641/1/2/Bashirianfort/Afghanistan,+44/07644 827196,MY CONTACTS,Riley Village/870/5/5/Lake Jorgefurt/Eritrea,2020-09-14
101,Shasta,Von,joannie.gutmann@yahoo.com,Cole Rath and Prosacco/District Administration Engineer/Schimmel Square/348/5/5/West Elfrieda/Cuba,+44/07777 622030,MY CONTACTS,Ivana Inlet/255/0/4/Darylburgh/Canada,2020-09-14
103,Shauna,Brown,franchesca.funk@hotmail.com,Sauer LLC/Education Assistant/Myron Pines/313/8/2/Lake Bryant/Micronesia (Federated States of),+44/07429 298420,MY CONTACTS,Deckow Lane/395/5/1/South Reed/Bosnia and Herzegovina,2020-09-14
116,Tania,Homenick,felix.terry@gmail.com,Barton and Sons/Chief Government Facilitator/Smith Turnpike/144/7/4/Luettgenhaven/Ghana,+44/07804 619833,MY CONTACTS,Marceline Circle/769/2/3/South Emeryton/Papua New Guinea,2020-09-14
129,Tawanna,Beier,lou.davis@yahoo.com,Green and Sons/Advertising Analyst/Nienow Unions/552/2/3/New Mary/Mali,+44/07796 683440,MY CONTACTS,Caterina Ramp/106/8/4/Deannestad/Namibia,2020-09-14
184,Terri,Turner,milford.ortiz@yahoo.com,Harris-Hauck/Community-Services Specialist/Fritsch Radial/608/7/0/Bergeborough/Finland,+44/07643 244400,MY CONTACTS,Kieth Alley/999/1/3/South Marya/Antigua and Barbuda,2020-09-14
159,Theo,Grimes,jenell.stiedemann@gmail.com,Mills and Sons/District Construction Planner/Keebler Locks/514/2/0/North Danielshire/Equatorial Guinea,+44/07755 648436,MY CONTACTS,Velvet Port/191/0/4/Ernestinafurt/Guinea-Bissau,2020-09-14
147,Tracy,Stroman,jeffry.conn@hotmail.com,Collier Group/Real-Estate Representative/Rohan Trace/168/4/4/Michaelport/Belgium,+44/07996 358955,MY CONTACTS,Rolande Circles/458/5/2/Lake Golda/Korea Republic of,2020-09-14
120,Ursula,Willms,chris.lesch@gmail.com,Zboncak-Tremblay/Customer Developer/Jones Bridge/346/1/4/West Nathanielmouth/Venezuela (Bolivarian Republic of),+44/07765 417743,MY CONTACTS,Fritsch Station/835/8/4/Charleenland/Andorra,2020-09-14
191,Valentine,Mosciski,nakesha.anderson@yahoo.com,Howe-Berge/Real-Estate Planner/Klocko Village/256/3/4/Legrosport/Nicaragua,+44/07636 936764,MY CONTACTS,Quentin Walks/270/4/1/Johnstonmouth/Cuba,2020-09-14
165,Vernon,Hamill,torie.koch@hotmail.com,Schroeder Rosenbaum and Swaniawski/Global Real-Estate Orchestrator/Tambra Flat/374/2/4/East Tanya/Mozambique,+44/07716 695828,MY CONTACTS,Hoppe Well/474/8/5/Donnabury/Jamaica,2020-09-14
132,Versie,Hackett,crysta.schiller@gmail.com,Roob Nikolaus and White/Manufacturing Strategist/Saran Crest/582/8/2/Jessieton/Austria,+44/07420 890348,MY CONTACTS,Volkman Mountain/530/0/3/New Raylene/Yemen,2020-09-14
171,Voncile,Connelly,maurice.oberbrunner@yahoo.com,Morar LLC/Design Administrator/Gino Spur/517/0/0/Paucekfort/Monaco,+44/07963 452787,MY CONTACTS,Jimmy Groves/979/9/3/Arielton/Timor-Leste,2020-09-14
106,Wendell,Bartell,daryl.gutmann@hotmail.com,Becker-Armstrong/Education Orchestrator/Mertz Trafficway/84/9/5/New Jimmy/Latvia,+44/07845 678107,MY CONTACTS,Florence Tunnel/35/8/0/Lindgrenville/Andorra,2020-09-14
134,Wes,Jakubowski,kirstie.hoppe@yahoo.com,Will-Swift/Mining Analyst/Jerold Forks/890/2/4/Rutherfordton/Senegal,+44/07928 092847,MY CONTACTS,Ortiz Plaza/966/6/3/Romagueraland/Korea Republic of,2020-09-14
118,Wilfred,Adams,dick.casper@gmail.com,Stiedemann Group/Legal Consultant/Candra Ranch/652/0/3/North Jerold/Peru,+44/07611 568257,MY CONTACTS,Armstrong Mountain/986/2/0/Port Ivyhaven/Nicaragua,2020-09-14
128,Yevette,MacGyver,jospeh.littel@gmail.com,Prohaska Group/Consulting Agent/Pouros Branch/246/0/4/Lake Dion/Bahrain,+44/07853 323578,MY CONTACTS,Shaunte Fork/583/1/6/Lake Edwardland/Eritrea,2020-09-14
192,Zack,Langosh,carmine.hills@hotmail.com,Russel Group/Forward Mining Planner/Sawayn Lakes/3/2/1/DuBuqueshire/Fiji,+44/07736 580238,MY CONTACTS,Jaskolski Mission/548/1/4/New Asuncionchester/Kiribati,2020-09-14
